old	new
009ab14e7b9cb7f6b4f15a2823abfcdafdc23f6f	1664f243ddc2e328ccc20bd11c0ce7a343e71971
010e8bb24090d24c62eabea6463d75893f917784	db93eb4798ab58b55613410358b6489ce141e08c
0221e4973dd66af3b17ebc42961f0321ead3be4e	3883fc34f8a1a4d355264a22ae8e9bf67b746251
025a4684e12394b6eaf8055c73728e1899e867e2	4887f07991ab4ce441323c6aefc18e382eb74467
03402da63e36371935c7432b7c83be96b2b2edfd	cf2afc5c1fd6c13f6cc62d2c1013d073e94bf8b2
0492794a12fe2ec7a60148a3c643ac90333b2c3c	ca00f40f49c8f63f166974e6020997d0db710354
0621f9c45bee8a6ef0deb811f4461c46844204f9	bbbaf24c1da04a7079579ad407fd9cac18b25ddc
068e99861296565b47145b2a3430535c854be18c	fe7572919acbc4e8ec1d78a8ab9b8e7b11a44a5b
06fcc130ae0d90d12751c8df344c0be4cef49f64	1afc44892330c78714bb427614ca0680b9dfef5b
0762e0b881714c1aa5098f22c25aad2a33929f05	cc9893a9d9b7a6f68d38394587606d42e7b8f751
07b9d29145115d5f2fb11f5da01560847497b2f3	3163dd3be29fee5352f19468b0a0e688bb84369d
07c87b88d3e064ead3035afc3cb13e8dd6c9d02c	040fa0ca90287fa34554e8a7aaadc31f40ea72d0
09752022ef351efa3b0af4e437a6d9d07fd17d91	50b462f38c1cfc401fc5b2c109c2ce7b25250c06
0abf1d271777b1c664e7346f4a9b37b66c327ee1	d1808b7d0d40fe63f3798914e441208736617a14
0af2770338f7e0a8ba63a1f12e4bd91468e6591d	ef6ed4f9054563600929f856e9f5d3c755ae1d3a
0b41210163603e23470435ce2f71337f72e344e6	ae9198aff22a4aba8466dc91172845a7d3228e1f
0d67ca258a2c7b0c93cb8d1b6670a1a63195c5d3	f1dbdebc015ca98f8ef9e3f54c89147d01e1014b
110028405865bd4b3cae4fa3e5216fcc4f620935	3ec9675b7391043d6b7130779572e45a413c64f0
1542bab12c442b8da7d7e6aa78c654d42b8530c3	0070e3884bc20e0a301bdb4b8f14c701d0dd71ed
166a37f0880048395714e8f6f1d69c7f69f2477b	2a47d6dc52d76c11b234551aaffcb883b3a48285
16a57b43a78f76731aa5082eac99f8218b155946	ece734b6c01df279287f6576ccbb4a8cefd076ec
16d1a7084ab1257e655114013fefa3bcb38f68ee	4a034e19cae317e7f7800cd5128a3b2b9ba1de0b
178ed18ebde32bb5eabaa7be3d2aefe18a981955	f5f683a4397277f21770cd0ae880596f8cdd79b6
1abd10d6d04768d41e766846a378eda438bd159c	1f45dd393eed4a827e97607ffb05f17e6cdeb60c
1ac36f70e79df03d558c76c06f7819e1f179aa19	3e0860a49e2569d2a6bff788b275239169222b06
1c7bafd45291297e6ae4ba9be3517cba96be49f4	745af50af5ec5110f6c67042499f7f6d6a4a73bc
1c8883419d4a5245f44cd84856af022b3d97300e	34606e3fabe67bdca66095903aedd5ca0b27b6fb
1d808fabd016ceab7038dc2422a3b500efc676b0	844717b0d39c9aa538c952f6f077d0f6e64bf78f
1ecfb136894a3af509050aeaa1d14e5c04e8a9e5	4251228ee3492ee2eb5e5398c688fd41dc8dc43a
1f1450523b51d55834cecc175d01ee0035474f49	32dfd0f07a1ed9021f487daefd596754a679590a
209c79546dcd07695ef266cf4044ca343db764a2	19fb57c3336b36e2fc82e431211477819c819b4e
20db6b6836863c4e101eb58d081cfcbb04a039d0	51b02311c22e1269665e9d71c74437305030b301
224e7aa391159e6c67d50f722e07339bfec02b0e	6a10ac3ac2e0511833436411882d31a78dc5a028
25b89a18ec83f6aa4ee61a8d18f1aa9307e267cc	feb72d8876a213fa2a01a85137c54182cb754513
2917ff49c532c8c5eb5b917a7ae14df97a8095fd	a82913eb291794759a3e8e4096cd99237219f2ae
29f1518d928ada5965400177b4ff7291e4ac0cc9	07b3642415454a4253fa8d86216a501fb0eafc8e
2ba1da83a53f4d8aecaf05bbac004eb2c233fe8f	7b4e8aee11a04a08445c073535b9e2d57940c466
2cad1a8ba381ca0de2e7bcf8d00db94a2bb36bb7	34b39081355e7a04789393a9bac8c1a3f2a4d100
2d12adafb9f7ebdf827848d54346b809b6d0839e	cb55725b7a7e9d0132f6e75ffea4bf1f20bc1c77
2dbe29be346676a5a1a3d8821d500f172b4449ba	deb017e8882261ee759bf367d1195d5d158db5e3
2fa67fa78d7cd2941dc75929c48fe3f232382321	ed735ace59e4251e8dcb226dd47f4d28c8fe5b6d
2fb3433325e712e427f4921811b28453ffc31986	748ef7cd8784f13e46f863ba54c499a3f6193418
3001f0a1e42a27acd29a2951408458586e74b806	dd61ba6370647bd9c9639e165d9c5a09d57a02ad
321d6ba939afd15d6d72d11e4ddf98f9af606136	9fb2402f80eb74d4847cfbe53bd6444329d2e98a
3428ac541cb9058dfedf9a8145f8d8f1448d1ac7	83d09b165211fe5dd81b6e2f977b957406e28eb7
34677b5fa13999fd4d73d2426880f813e2b9e8da	7974a2e4819afd9f42de0d9d339264bf1d9f48e6
352eb2652d4e11c876ef84152fc8e02f8d5ed331	c448578f97158ea8898236bbddd9fe6f0fb0aac9
3557705c7c866dfa39ac2d5f2c43b804c19dfba5	f5073e490179d10743c2e8531944f38c04248595
371e4ce418682aa45c17b2d2853a958e0bb43c6f	73e0fd5f0a3c06d7d0559ddadd4f0ab6d17faf2d
3734a01a32dfd6d85e957c25a6f2656f5c04d051	8b3b9f8a7eddb7e8f3a33094410aab0f4a281e1c
381e4515ec0bd1d0fef0d26f09ae91d6eb1caf6f	cfd35e6e1d4a37ee519efaebf077d98fb6e9cc8a
39cc4b2e25b25195b3eab534245cb601cf66d02c	d05746c5ec391c939277fdbf6249df80594dc579
3ad936762d1b5f7e058d3a50023a249a5c458453	11e108dec1448287933899d0ad7f116f7042c46e
3ba250f96205d779e92a1405b7b45e91790f9388	0f6b7c663aad907148a01c0d4c4d5e0c7cee425f
3dc05b9a947fe3eb917906d02fc50e4bf9b61cc9	d5aeb73e2f3abc4868984baeacce6c14051dc40b
3eae747debcf646a40c96b03b3a61ae39c2e5761	f9693e3477be66a6298663eee3e75ccae62a3da7
3f8c9a65613326436591e5f231e008584cfe0914	f70e10e662345a39b0bc542797f01d827e30c86d
40006c96bf6374bae9ae4651fc5afaa9fe0d48b3	5b5a1bade695ed06fd5f1cbc1b7ff922bbbf7eb6
4052a743faff89293a4f33935ca2e7caf6a07ed4	fdad013f87663b430ede742b0b49d5ac806c8b89
40fbd28d7b91cbfda76814d2914f1c0be2b5577f	a0c0e8a0ea31e76ccc1fa9af6c6cfbddc3e456b5
413f53dd48b1ce8e8dddd255aba5c44e9d29df07	5288b57ae325108e07d882bae9834b7c873f2601
41d95a9004dca5280412181de6b4bd7905e91d96	f2762ba6ef8810fc5e20153e932f80b8242a445e
42144aea5b31f666773750992b0a531f5c9ea8db	e1341674b8cd78b890f9cd5a237fd876675e44df
43fbd4fe92d09f58b5ed9a859210c837d0728a12	0db485f1e37aa1cef4c096fb7bf6ab0113143d8a
445da8c4518f6c70b5c9fb1c2cdbbd9738acdc56	8fdff7b2ffe03521599efdaf51be5398c911d49b
47058b898a1ba234f60e7b68e19bf97a0dd541ff	5ef4b96739385ed3ccffa6f72320b2a66e90c1ed
48e51b2fc260d114f733fc0581f2eeda80ad92b6	4c83c4cb177b85197a5abd6a96eeb634ff073ee7
48f1fbeb8216cb8f74a04e72b36c0665bf854ffc	05f548474eab4b37dcc2a104d3c47effa6795220
495b403304b9bfc8bc717d6bd963e271bd400522	6dd9fbf780bc6b03f3478d955919d60491372bb6
496cbd0abb880baf85291882e00c84efee27ed60	924f90db189709380f38001701502ffb8bf905c1
49fb970cbec472010709b943e1c28d0768a31603	19eadd0868593b30c58ea53832c214ac5f48fdb2
4ae49bc7a2ba5483084adc4683aa82f6cc31660e	0868e378a77e6d8250976f5bc1f11133157bda2a
4c41d05e86aea669bad3733f2c0d9c37abb2039f	5f4f679483e231d721f1eb897ef919242cbe083d
4ccf68781affb624765ee4404c832855d681c2ad	8aa84bfb0b89c7edd6e46413207f1e192e8ee2ec
50b9541602ccbfb4a3ea658e8e0e577fd205f6b6	a26d47cffad48961e8ea9c6b67004c9eab504517
517fafdaf99674b2aeb07fc5908184ac928d26d8	dbf4384cf443c033e74c0a79e11940e76215a3c4
51d90297a8767d46c5e7b4496d594ca98d7fb431	3ff4fd48f7af6b06312bd19575c56133265c648d
53366596bd8526239eec374162e32ef310c8cda8	1340ff9e84c4ce7fc0447c7781d385cad4a47e7a
5409bc33d09aede6484086164d72bf5058c934e3	01304c238fb14648c055350b0e902e20cd7987a1
5560228dbb52b753c5cc17e3dc0f68099fbd3cb6	e061dbd4dcc0c337a9a7392e2fa133c36321a47c
574668c094427aeaa8d32e945eaf07725fd382ec	3ddd304830b9fcdd9ba8b279dec7a6961fb71951
5775de8c304c1211ee25cb8fc177ed88e36ea0df	826d4aab79609d515a0c333e4f37dd7cbc5564b1
57b9f67147547a560a028fe5eaf51b1216d07d18	fc425d744df9988d3745d2c4b4e19598d5c4cdf3
584289b3c1140e4af55f40d3c2caedca61608716	02347146269ea632770344a0ab15b63fd7b7bc5a
59353f61899b209a5c32b288fad6b1f0f269abc3	67b3cdac4de0bd1d50877ff955ae3515c940dc6f
59604eb0f4a3e6a0154d2f2f14d0ce383ed1f892	56bf0ca8105db02ab9c72be8987a7c547c56a71a
5a69c5f191d0e65a6859f1081193b696c772e539	00a5cac958b87e608b49f30ed1bb1105d70cba6e
5b7f8cb05002c47b0c3d4ebdb4dd0b291964ed3d	782a90e802a2cc5f57955ef13763dbfd9544c717
5cc3b7bc88214e40026e409a2fd1893f651fb25d	c483013a36a81b3a0e4f704ba4b4634ab94d0441
5d274cf4828ec28f6f694093d439034cdc2f9108	22f416e364027abeadf1b701ad58a0cfebe34bec
5e24a344d268e5999ba6e11cdd0390982bec2ac7	cb4dc9c20fbcc78c607c797212eda90279bea1fe
5f692001f8cee214ff966555e634c59e1edea522	3c719cc129ff81a7378067e5ddb3c85661a381cb
5f9175859a7f4d38a08fa8f284dafea5612ac14d	1496e9a3eb5303b67ef2ba27f11b797a25c6660a
60690399d5f7c18d632715c98e17d0353b3cc771	d256ee1e14db2854ce5e44022caed9a4cdfe26f5
60a8a42554e5a89bd1ba10e6236099c0aa0d1d34	ab0598f6c3540d63d2778d4f1fc6c4f9a3f2887f
618aba25624e701c13e9703020bc3af390625b90	a94b82c69043bc7ed4f5d87eb11b1c4f701a30e6
6283597ccba5b39c4d92d7513aad1567f2245053	6867b64f7f87f56e9d9dc192736c5be006cef2d0
62f21bad1f9e0f341975664d941a55df2ca4e3a3	4b1347f746a6fc3bf9ab267e3b0944dff5c01078
62f63a675f66be0e0eed83f73e1095f039cb1fd9	818f8daacdcdc86580b56e78d61ee0a6e845488f
63279afc0321934ab8877ad9a1a5a93c115207d8	191cf4aea81c0fdc394c8fa28343cb0f49e161ac
6380681fa0caefe4f866bbbe4144554664cccf46	a5537980443230d2894422c7b7a39dcf5a189258
63c52387d451ff618841502302a3c8af75c435d2	9a5125c5d939307df30c9eaec62808975f689be5
640c211f081663259ff702e2b1f3dc1067307249	905de236f610aa9864e3a5133945b14ed1cd70b1
6478e867f2163d0f054b9ccc3a7b1c9712b74856	d14e045f72dd64b5d3c53234f65ff38f32bbd8f8
653ba7015aa4a5c5288368d7a0276da6cc812021	0d26ac3f94a09de6470aeb881901f2b8ce31e74a
66903bd14bf133728ef6c588e42bd7e338432ab8	a18e4a94f01f09e15bab2620133c27c1ce4ab6f7
66e64d9a43bd968f17dc73180a48c2c0db36245c	91f5dbc01be4a6411bf43b3398568efde6712154
6705544647036883ea61993da8d02869f2a28ed9	a98bedd268df03d041b75a96263114cf5702ed26
67269891e1aabd3cc9fd42ac00eb17e5e929a5de	6c9e5602caa12c0d0a972b0fe763442a786dd500
6813c9d1e30fd649f05d08ee294e1441544ec0a5	b927bfed843f655ddee9e248e1976823ecf17996
68edd539ec91039797b28924f9dac0c38b308196	e25b574c69d4181f04aa910c91432f3d95999421
6a592d3b28a4a3f077fdb9865b5471fa97722055	e1b165564f6cb228fd4592b642541759b0653cbf
6a809aa105f3346b433b4e50cf2a8a742af53831	3650a1ade9a3416da1f602b9be55b13687a2d455
6afc64de1425c46fe739d72dded2c02758f6bef0	f76abbf900ff32afd8dd9ca42fb27d7883131cc7
6c867db44b88864838ede5866b3c8edaf6463105	2d91fe7d4620956615680e6c5db5413917179c32
6c9d338fcc36d545f14f9d881f1d1217c05b4cd1	3197c1c6e4d11fbe69a8789a76b692f576e6f760
6e416159b795facab3276eba5c0c6038408c8291	407e71df1f87671f813d89085d09a56c8bb93e3a
6e77b01c54520d859aecda22075467ec26019f7c	89494fcd6b8bcf90b5cf32f0e892f63d1ad51115
6ff3a06e923dd82bef13ed8367c84ea98627bc03	5d84f6392fc42d2ae1d7c3f113766649fccf57b3
7012ba69377857829fc0a0f8e106ea2c203e8de3	5f31bf56f50c07569d549234638a6eece8a7cc32
70b9f925a0ce2b977a092550750aaef9e3b19f9f	9b2363a35cc4fbb583fa975cc77f329ec1781893
71a1d0bc0bf824376e24ad7a700ef893d6fc9d7e	4a35a742fa36d45eeff0079c9b92552bc9521bd8
74d96c6b111f0ff7211d86572075f95713cdebaf	8883caeda62a8ceb9cd156feb33dacb22bc2c20a
751803498cecce6eb339e06e91ca14dd8b55f8d2	11f13dce379d000151a28f207ccacf958a465eac
767718cdf55455b9341aafac40011ed479c27a4c	d2119fb7b73befa1e054b9192b56811875a19629
775fcbe435d3a98c373e95e3e733eac49a9fb3e2	1b7c6d59ce8ac9031de8c7ab08a8ff531ec43460
77f53604cfb10fc1213afbbaf4cbcbb04453139b	0a1131d7fa5d71e4e4a3641257201915ecfaede0
791d74ac9b69d16a75fc4482e16a90f7405e79e7	3c37e2de39d9e33e3ee14b363c8efd4af7464289
7a2fb7e014ec15ddb8986d61816505f9f7d1251e	301b3dd5985bd74371da3cf662a109ea3d07f522
7a415d633e234d717845e676e8c466718df7346a	ff4804829ce60f9ffa72ccce235736771980eea0
7a50171d7ed4ded9ae6b4404f09a187434eabc9d	e4e66cc86833228a8ded8952c72678bc9f79be03
7a5e0153b2f6f2f1b9f082e6f808a4f104722e39	6f81ca930b7cae2f548749ac56817525b5d3738b
7beb90b114b7906046d4957c64f379d6cb22493c	8905a3964021d49c7222700521fb68c166607d0d
7e99e59a67d9097793c35932dc298bf88b373a54	c86d360569d0d637f24791690d0e2a0113dcda7b
7ead71159bc4e891f8ca6cac87bf4dc5d7813eda	52a74d5ce3406b0e98d51f2ff8443e0f3a54fa24
7f89cc1993abcac17e64789fc4522f0039567c2e	5ae2fb6fdbdb74e81f71ee3341de7c397b7ae3b7
833f07f027a7effb0e83d388be616b02453d3238	437ff6b707b64ee48b8d06c9299042e2ffe97596
837e7320f7dae751ee9b8e97b16616db27823bd5	aae7a0bad49fbe417307ea43cb22df44dc254b22
84968bc29c2096005889806e64f1cf91fa2b2345	36088207f98ac49977ef0f2b819baf89953aba67
862332a40d30f625e97dac6952519d94478d00d2	9ca7515e806f4a6f416e5dcf4b2fd61de1171584
883f9f104283617e71cd0a49f0bb090a942388a2	8d43cddb77592474238bcd27b2ed11b6cd095d8d
88c207fd1e52e90594fc2a9a0f66d449d46c3816	ae9e4da7eb97bfe04e77031a250790e5a05b0ebe
8a1c788c7a144bac75d303397eda8e3690ec3b8c	1b1fa672174108be87d4af650f6c140829490458
8bddfc9ca2ab6b970a8f8b7ead7b595f5ab5e1a5	62d2609f58e98285ac45802ed0614aa927d6f9e7
8ce741f4d883c45b843df56f2c4b33727d6ca6da	c577d0b2af44cec7d8c6387dddd1526dba374a99
8dd6a3d38c7323b5ec427c4798804620b3dd2a57	adad86ab530f72fe32fbdc571821d364fe2606ca
8eebf180ebdc573163a3fcd01edb3160fe565a79	654a949809756304b39504ee2b60933af01b1347
8f5f60035f305831f9b6371d4050d75fea9bc9b2	b95ce859be800fb01e4e138b4c6eaad85767858b
903bdd37cfe63abe86edf3224c77e16fb7f1b02a	296e53c3d18c186da65db7ac13b540bdde7a3905
9106296d62ed01d0b3f0df2a386089ff3aae602e	9bd2e709e5fffb39618be6f51005e866bef8832e
91972d55ec86e642e0a20afcab180f358d397298	a89a6bc5b1af495d6225bf5ecf86f74301f29f40
91e013d6f238f047c01f0930cf47db5bd9c85844	b6aad1fe5c9811e21ff81f85ac758ae9287f26e5
91fb69d32f835c301d3427550fd84eb03ef8cb50	c3cbe2499ec6b7841db40317ca4a3c80c291599e
92fdf6b9d20ca66d418ca9ef0e8022ff1a6b693b	84a3feb3912ff0ccbaf1595c29e70e3efa0abe96
933fb0e964574175b074a179e0f8481a49187eb3	54e4b00da07c07e80be7e962e01990834a51278e
970d5aa83d9589aef4449e47365bce5e292490f1	b416ddd7cfb0246fb9f73100d0488723cd1ab299
97e1491d29e494dde683193b2ff49faf61e4bf85	1628c29c98523321417c8ace007608dc9254065e
996f84d829f083fd5c0f103d64c61c69aa90e432	8f46bc210634d30c769e96eb04190ed028045602
99a43ac1187ffc8ac32f145e780e78628cff61dc	fdd723d7a90211c6ffc0b6579ee9b4b3fe168598
99dae881ce81c137afad73605ce8892762487d64	c3028a763ef21cead143bf5247f81a64c77daf94
9a6cc0d72e24976ebd46e789559d445276fc6db7	74f25123dea93ffdadaf96409b56b648aef0f3fc
9abbf693107da3ac9f5c00356f0f3aaf2bfcf2a1	a8759412b0f6643ecc9b7df51592a4a19eda8316
9b835e90fd2df22717dbaaf2ee1852b897ffad1e	373ea3af848b93122a154522c22d49163a7e850d
9b9f20392f18f60a0223e5ba03f1b64f19801e7f	11f42dab30fc09ecffe1f8c866ca0bd84f45a6f9
9c8c96941b72538cb008d28dd007291499bb9fc6	9d098eeb27773e252c0d799db1dabdb18d663341
9d8676df4f1271a58700295ae50b8807f318045b	3d5245b2b58697bf679bda6ed3f3d38488575572
9e62125d53432ed517521317efe6c939f0f8f6c0	5f4a8c05bfbdf67d392e6d8e710f15e02d5c3e21
9e96e316c7474867881f204a0b93069069c003cc	407ce10a2481a92d668703b76a105d32bb9d7588
9fea185be85d8e99634bbd97c79d13b421db1631	4ee562b1405323455df52a7c5663fd70f74996e8
a00b1c5c8eb334dc8c9ee73f8238a34888f9815e	a8c926ba9e75d08dbc0b30d2ba21123488d4b434
a20d318bf9ff220b23be1d878c72926347bdc050	1047336645944034f9c5af894581aeebbcdab4b0
a3e257311fec177cf2e2fd61bdb69dd13b68d408	0b9b5ea987eed0c2bc602d43fbce1197ed1719db
a51071aadd9c62e383cf8033ef9ce89f8254d453	4e4c19c414a6480196ecf5e1053894172ca61a01
a55baf21a2f0842c0580098e54d4479e41847593	fef40cbe031f3aef4c77e2bc35dd240e2e002300
a563b75d6fa3007de2c6f04c4cd7af721f0e4b83	7947cded6b65d52b66eb1d489715eaa73776d9e4
a57fd08a54a4c7acce8772dfc7c9c63ff0ab12c9	ce7f0c18ded761d28f5b8133b1345c0a94bc7727
a58f45c1fd7c05b61f700998403ca63148abb63d	c30233358efd32042573754a7770d88bfc35ab16
a77e18affee7423353636af7c82d27f322ca0b6d	4876edca4c3d434f4927489a54bb389b840dda7f
a9c60eca388b64dade491fe1266711448dc3e7ee	b1b5c4c4c1e3affda6978175aed51114736dd768
ab1873a3b996a670680371dfe32eb4f4e615dc3f	1ddecb3641e3f338d8bb7017719d49cb10ab0539
ad348c1409e471fb8a4eda9919b50006dab5d7f5	287dad0662243879d7c02602e0586f2c2494ff7c
ad6f3499127d0836be09a0af02e852b10b5bbc75	f8816fb74f55dfd2637704691422a1923800fa6b
ade376865a499a0f3bc39b0dcdf5ada460f746b8	57907dc7df7f35f910e17f64b8b184ccbb40c5a9
aeeac5dd40eb938c676a00cd62053279672926e7	fa379fd55de9ad250eb05c1c874f0911d7ceeee0
affa5f483bb65b4cc727061dab1991f0862daf37	5556beba5a378f79c7af87de6118a60466ee86fd
b3a5156856e36f98ded8e6ce668f1e6881faedbf	89514c720348bd7d0751cea27620f7a29aa701c7
b3b0c4f80e8ae1ad7d0c7bfa5c40a00296b35e8a	7f52d7d1822b4406c7558405010c05408a1348c2
b460e7c489034c217ed2e0b8fb5c65a3f4202843	082a698498c9fc64642e2e4e8f0eaad42ec94526
b4b49b46874d74c6da8dc55cc8a51005bc988f99	69e6e80811dc37cd2f9d85e3100fd9cd38163fcf
b7badd50c9a50329c4c0a1775a3017111ffba93d	854e1e370f385f3023464a80a95b3470d2b88a2f
b7c5d651001200ab62ab4e5fa0af34fe2a6980fd	16a7df601da854c5b5d5257ec125a19281674c42
b832734b7225c500d95c508fda5fa3da9d2f06b3	55ce092db4179d63ea3c4cd4a2d5036a34bab23b
b8ff1ab8a1413067d28909ebb4ed00ef7dc4f74c	01d2c56cf97cb1dc4e0751a0e35028302ffdc62c
b9a2e7c4584152b18d74072e7cdd6113fa5a6d1a	49ac3cdd0188d4281368435020108c5cb80f3ee9
ba10800cb5315ffd4032268693d5181d955ec1dd	202a35111a09088bab63c8c6bb4c1fd63b86e343
bb2a7ba4b59c4c1ccdd743bde74b20f4825b0ce2	a9a7344a36e7384f7573c4cf570d24ae7c88788d
bdb196702305d7b7810216181dab4209ba80ad5d	fec60611dbbdd3543934f6a186cecbcd845e9806
be27e5390ff5755d04f0b727da65cd9cdac67288	78ec4dfb93452aba3b64e18fa324236ae7d1958c
be6cdfaa9aa3d0a2620f65bd82bda3d1720ffa7c	4c0a3a761821d69703e6e38c71479c2e963d9e6d
be7010192d95d52e74882d0c423e3d5535cf974f	0f1b64813fcb50d54b5b8cc9088cdddeb481abc1
bf46dc7bd909b958b93c3e35633cd3a9817a6461	5fb87a495a0404c00bee8ea9684b719ad5615c91
c0cc0cae5194080fc338ca14819533845398b866	4d5dbd9737f146ae01eb78c288f3afbc70ada615
c2e7ad91bd57d0ae94e2c570fcfa62fc0fec46c2	3e6b8dd85fac9bce896c25b6341b7c5532a05f5f
c35301648731607d6e7ca0141e82c15e3501806b	ed98fe5c88160f2b17ab36004578647d47587f4a
c3a7d977963c097956b50a5461a739ad9121145f	d84a97dbf767fe911d78993544670a6ac41c6025
c71528c673445ce0918c1896c08dc24bc0dcaa8b	ea8fc224216a02980e58e9fb07056bec43ca29a1
c723b9473a06f44d394499aa2b4b1a4d1bbebab0	8a01683430777974f2a49b1da42bc4cb21926615
c76591a174a4b31d23a0653f3e9aaaaaaec8b566	0c6f65906a08a60fe552161654e88e645cbc1bdf
c8cac2d30a29e290101825f974d21ac041c8dad6	f886cc0afa92494cca0770b9aabc1b352ecc26f6
c90bd95d7eeaef4b468e23729b545ebd15c1f671	00064bcf62d81381638953def4773f049c63322b
c93bee4632e1ba142d2b6cc188ae4bd89d3058f1	571823fd4abad17b7470b585b804f2c66ee65c6d
ca16f6e8f3169e81fe6ed5110cf02712f6875ddd	f02738781e68effedf3110142a080030298183db
ca406fb3e8a60eb2e8ef0a01c131383524f96933	7f866afc4570a67573d9c964fb5b2eee2b552741
cc4c39c45a6ff0e685a5c2676249e9fb6c1da492	70d4799c3f1263a9c08c7968eb0b7d8415eefc51
d2c4b9f06876725c67230ffbade13eea9b5fe7de	855d30828a57084341f7576d77077345c9c39e3f
d2c6ced0110b07b93ab5c84d76d3c71984a2b93e	716cf46d6dc7ed230704650aaed7a2a99e064c86
d37e101ef375ed54d05e1523f719028137d0d2f0	fbd9ec653b9d2c9ff3473903a776f19825c77ef7
d404f02e2edd71f5169ec9d40c7988ee36570bdf	ecc74b45c65afe3ea7e060b854ace6cbc10f26d4
d48a19bcb84230adc3f49a6f02ef178c2cab083e	63da1163f0997b503d1bb21848e0a13b915bfb8a
d600805f7c2833d601bc32d6e3db0b02360eb0c6	f3a7cc5ee74fe5ae984fc3ccd887b8e6654d4d38
d64fbe8f9609a5b969013493ebb44c3ee8d09524	ea38401c5f30876979eaac7bedacdc506a2cd324
dab550c2af6abae8a3dd906b5ba94a0aafe849de	139afb224fd7bf1658b3c09b875d976249893eeb
db943b59ed2515265df86523c7b3645830f694c2	2a527ef4676e2377dd6cdd6686c744e1c8a6050d
dbc34932315787fa2a6ab4972fb77db2f8f9c28e	21100d9eda686ef0cc206503608b44f656c452ad
dbdb9d8ea428ac73764503bc09916b97c8ca999e	c16a105cd39cdc5b480a5535d6ae2f90e1b62c3f
dbde89154844529f77422fde391c06e012b8b08f	8bc0d1ff6bb67958456f3ec44f9e7d2d28412d68
dd784214d8040ef3aa8734ebf118b870eaadfa9e	eb0fd8637f0638fd411d337f9330cbe183e98497
de5c56a7cc9f9906c13bf3910ad00b28e410d661	77fcc1cb8d617d16282b92fd27ab2ea7ddea408a
dec029b7a4c79a92a027d38b72a39e7350270b8d	b10b3bd11fbfaa9e5a8618da588b1e6e8655725e
df9b86012d43076f9a461ee8ac92ef050ca36155	cba90dc5add3b71b166cc07acf55fe0965244646
e0906a9fdff54cb49583554b969ad93bac505384	47f7c02caba312b9d90c11520594df782799154e
e0c5bf5561549e78b14fd3e468fc2e4c19cb766e	9e08008f078178ccb89e805ed1535f391807f778
e0ee040d750bfdbf84eb345ecec1d3b617e2830e	4a78190eb44765c8a35c04687600c9ee3898f3ce
e1135dd48aa640709d6a6fbab8d31760e57f085a	a9eb75305772bf3b8c5563af7d3e01f702e0ecb1
e1b220a7643e8275134b0bff0a11d703c047abbe	2dd7d79b98a25ef11198039e319325949ba1d2be
e1e36a8c785a3732427ed8eab614f23aec5023ae	c0333a381bed2974b9f6a6224a6debd5acb0cd2f
e1ef6d5356b6d9c8cc1d0f4e020e3faf07373399	26503ed03473323cd8af9e15891916476f7dd359
e32298ef0bf8715cba0349753e556975161d3e85	77a2032c11fc9979de3a1d1e064d7cc3175aac80
e3b1d1f0e14a868485c6dfe096994c3a8331a45e	c7e1fdc1db4180afb581f1d77958b7048d6b08f6
e568db6a4b9e7e2420107ed80f7735a2605f77e3	414ea4a1f5dbfef8de7cb300e68639b18da1529e
e616ed20a0d75e40ab33eb40cded97f981fd7e85	0944c5ef86b8b15115d07ae79ea202d8b74a1380
e7708ca8f3f263fa8600437592eaef03dc8fd3fd	7c0e32c67748cdc204ec1337cc01aaa4bc4aa1ce
e897d8485dc9134b9687e4374509baab2eb231bf	7606fd97446250f89bcafececc66ddbf526320d2
e8dbbca8a25ca25215acbe22d241f403235096c8	d95a7f4be071317cf7a1b27a5b5a7faa95ffba27
e95ec3440bb1f5df0eeb05cd477b027021623c5e	29a6f9287b510fc09a6b9bda1683d3ae773ad0c3
e969f30c59b4a13bfbc5c493a1014d727bb59ffe	fb15feff3afa1d752759f9d52e419fb51fb7b791
e9d6587c201afaf8e79273a34cd2c501ea7a2380	d966228786ed9c2a7845cadb6d467f41b179667d
ea943cc315cceb329242716d906624b461cc87d8	e4ecc6a5b4c313a0a9d81ea87c5d7b567da3675d
ebe155321deaf65eea9805a77fe374d8c9058cb5	c9e3db3a1aed8cf70d828253a6a73037d6b98554
ec2a0e8d6d238be9fd439a92a44d4a6004a447ea	850f35f97ea931dbeaad90a46b5e3c29d32da487
ec3d08a1df595671adba97f152843760b2c031f5	659aeb22de501e0364c8b9498027ae22ded61368
ed09d9c304420abb1bfa6148f4e565a013447ece	bfb42daf8452d8e71690e783e118821f26424e76
eded5446796ae9cc79b41841c7b3ba0334b99774	8f737038a011f344d3a544ccfc0147c80b9af55b
f0a5c612458b64fd2720798122026c44f65bc218	9d6d4a5514977abdb489710b230c46823d7c2948
f247e53eca17df869fb66f227240c721224f862c	252d2f28cae0fbb033388ed1b3c98f03513a87db
f2f6c04d5048bf69cc3e2fb8e798ef431ca91b3b	f66447b497c0d3de7c5adc286ce2ada024e5882d
f491268ccdd12f75ea2ec6fa3dc3c9c136895fae	b7f33b330e4eaf00d46047934b36f4ecf2829c9b
f792cbd002eb6041d9fceaee3cda3534f5bdde94	e9d5dad73f6531bd3ae4fd3fabaea88ed4a4ad5b
f8126426a346a5668cbba1259e95b3551ea02e84	c3bdbdb0a132cf1d82605720353f57db72be44aa
f8adf26bbdfac1ad5ce2a1bc1b0af58c41176240	477c009f7439c348835c76be91009f5b319ca7e7
f93c9d43e3da1acb7b7a1ea6a4fec412b89a359f	331ff9941ba0e7812a249c22bc5496768783c1a3
fada5db1188eba252ab34e83eb8c671b61937495	ddf37b2205b273fda1034295beb721c7e4cf5dbb
fb95ae806b4404404f14860e5afb03297c4090a8	745e87b519d60b6216528a1120354b58f4d31883
fbf0f0e61a7a162d8b4f68ec193e136e205a8540	7b573effffdbd73566d82643cba8fc6d7129f231
fcbb019b628e44453de795a3919e47aeb2f7781b	004241953a45eed18bbf7a97a9c4b09e92c9f7c0
fcfd6c9c328b608abf14159cf378fa42d4a82d3c	c5a72abb52fbc4f609f251fc840428add92ec255
ff9f448f29dea8861714c89988dcf5f04f49e4ec	074ade7cb69b6ef6fd64b7fb111bc308f0fb4467
