surface	filename	bytes	sha256
site	site-1-infospace-transparent.png	4365206	3b2e9aaead0eddccf8bf2212fe96f5ed207a06dc6111f72a829dd2db0a656772
site	site-2-infospace-icon.png	5695056	b3f2b7defe36075d7259b6a8c62a83959589c16f85b93946f4e8c525eaa385f5
site	site-3-infospace-rounded.png	5624848	b59a0ac6ce87612f63445587bdcb1e1c5aabd559ddbdb57cdb63d9fe69eb99d4
site	site-4-infospace-white.png	4176774	b02f24e6b30e8318351673762162744a62e18623aaceac87a84d9f17f05bf85e
site	site-5-infospace-raw.png	2838806	f35f20b193b21bbe25cb6d2ab77412cb7051ed35de8e154249407a8735ece727
site	site-6-infospace-prompt.txt	3359	b9db8d0cdf3aa082e4008e6f5665febb2a2a34fbcc765c7dd228df6d74deb419
static	static-1-infospace-transparent-2048.png	4365206	3b2e9aaead0eddccf8bf2212fe96f5ed207a06dc6111f72a829dd2db0a656772
static	static-2-infospace-icon-2048.png	5695056	b3f2b7defe36075d7259b6a8c62a83959589c16f85b93946f4e8c525eaa385f5
static	static-3-infospace-rounded-2048.png	5624848	b59a0ac6ce87612f63445587bdcb1e1c5aabd559ddbdb57cdb63d9fe69eb99d4
static	static-4-infospace-white-2048.png	4176774	b02f24e6b30e8318351673762162744a62e18623aaceac87a84d9f17f05bf85e
static	static-5-generated.png	2838806	f35f20b193b21bbe25cb6d2ab77412cb7051ed35de8e154249407a8735ece727
static	static-6-prompt.txt	3359	b9db8d0cdf3aa082e4008e6f5665febb2a2a34fbcc765c7dd228df6d74deb419
